,source,url
1,01_LPG용기_사용가구_시설개선.md,
2,01_가사·간병_방문_지원사업.md,https://www.bokjiro.go.kr/ssis-tbu/twataa/wlfareInfo/moveTWAT52011M.do?wlfareInfoId=WLF00001087&wlfareInfoReldBztpCd=01
3,01_가족희망드림_지원.md,
4,01_국민임대주택_공급.md,https://www.bokjiro.go.kr/ssis-tbu/twataa/wlfareInfo/moveTWAT52011M.do?wlfareInfoId=WLF00003244&wlfareInfoReldBztpCd=01
5,01_국민행복기금_채무조정.md,
6,01_기존주택_일반_저소득층·신혼부부·청년_등_매입임대주택_지원.md,https://www.bokjiro.go.kr/ssis-tbu/twataa/wlfareInfo/moveTWAT52011M.do?wlfareInfoId=WLF00000062&wlfareInfoReldBztpCd=01
7,01_기존주택_일반_저소득층·신혼부부·청년_등_전세임대_지원.md,https://www.bokjiro.go.kr/ssis-tbu/twataa/wlfareInfo/moveTWAT52011M.do?wlfareInfoId=WLF00003269&wlfareInfoReldBztpCd=01
8,01_기초생활수급자를_위한_요금감면제도.md,
9,01_긴급_주거지원.md,https://www.bokjiro.go.kr/ssis-tbu/twataa/wlfareInfo/moveTWAT52011M.do?wlfareInfoId=WLF00000917&wlfareInfoReldBztpCd=01
10,01_긴급복지_지원제도.md,
11,01_내집_마련_디딤돌대출(주택구입_시).md,https://www.bokjiro.go.kr/ssis-tbu/twataa/wlfareInfo/moveTWAT52011M.do?wlfareInfoId=WLF00003271&wlfareInfoReldBztpCd=01
12,01_노후_영구_임대주택_리모델링.md,https://www.bokjiro.go.kr/ssis-tbu/twataa/wlfareInfo/moveTWAT52011M.do?wlfareInfoId=WLF00000814&wlfareInfoReldBztpCd=01
13,01_맞춤형_기초생활보장제도.md,
14,01_버팀목_대출_보증.md,https://www.bokjiro.go.kr/ssis-tbu/twataa/wlfareInfo/moveTWAT52011M.do?wlfareInfoId=WLF00000093&wlfareInfoReldBztpCd=01
15,01_버팀목_전세자금_대출(전·월세_보증금_대출_시).md,https://www.bokjiro.go.kr/ssis-tbu/twataa/wlfareInfo/moveTWAT52011M.do?wlfareInfoId=WLF00003222&wlfareInfoReldBztpCd=01
16,01_보금자리론.md,
17,01_분양전환_공공임대주택_공급.md,
18,01_사회취약계층_환경성_질환_예방사업.md,https://www.bokjiro.go.kr/ssis-tbu/twataa/wlfareInfo/moveTWAT52011M.do?wlfareInfoId=WLF00003225&wlfareInfoReldBztpCd=01
19,01_산림복지서비스이용권.md,https://www.bokjiro.go.kr/ssis-tbu/twataa/wlfareInfo/moveTWAT52011M.do?wlfareInfoId=WLF00000946&wlfareInfoReldBztpCd=01
20,01_서민금융진흥원_소액보험(한부모가정의료보험).md,
21,01_스포츠강좌이용권.md,https://www.bokjiro.go.kr/ssis-tbu/twataa/wlfareInfo/moveTWAT52011M.do?wlfareInfoId=WLF00000076&wlfareInfoReldBztpCd=01
22,01_슬레이트_처리_지원.md,
23,01_신용회복위원회_채무조정.md,
24,01_신재생에너지_설치_지원.md,
25,01_쌀_할인판매(양곡할인).md,https://www.bokjiro.go.kr/ssis-tbu/twataa/wlfareInfo/moveTWAT52011M.do?wlfareInfoId=WLF00000074&wlfareInfoReldBztpCd=01
26,01_에너지_취약계층_고효율조명기기_무상교체_지원.md,https://www.bokjiro.go.kr/ssis-tbu/twataa/wlfareInfo/moveTWAT52011M.do?wlfareInfoId=WLF00000049&wlfareInfoReldBztpCd=01
27,01_에너지바우처.md,https://www.bokjiro.go.kr/ssis-tbu/twataa/wlfareInfo/moveTWAT52011M.do?wlfareInfoId=WLF00000072&wlfareInfoReldBztpCd=01
28,01_영구임대주택_공급.md,https://www.bokjiro.go.kr/ssis-tbu/twataa/wlfareInfo/moveTWAT52011M.do?wlfareInfoId=WLF00000888&wlfareInfoReldBztpCd=01
29,01_저소득_지역가입자_국민연금보험료_지원.md,
30,01_저소득층_에너지효율_개선.md,https://www.bokjiro.go.kr/ssis-tbu/twataa/wlfareInfo/moveTWAT52011M.do?wlfareInfoId=WLF00001128&wlfareInfoReldBztpCd=01
31,01_전세금안심대출보증.md,
32,01_전세자금_보증.md,
33,01_주거급여(맞춤형급여).md,https://www.bokjiro.go.kr/ssis-tbu/twataa/wlfareInfo/moveTWAT52011M.do?wlfareInfoId=WLF00003201&wlfareInfoReldBztpCd=01
34,01_주거안정_월세대출(순수_월세_대출_시).md,https://www.bokjiro.go.kr/ssis-tbu/twataa/wlfareInfo/moveTWAT52011M.do?wlfareInfoId=WLF00001063&wlfareInfoReldBztpCd=01
35,01_주거안정_월세대출_보증.md,https://www.bokjiro.go.kr/ssis-tbu/twataa/wlfareInfo/moveTWAT52011M.do?wlfareInfoId=WLF00001079&wlfareInfoReldBztpCd=01
36,01_주거취약계층_주거지원.md,
37,01_청년월세_한시_특별지원.md,https://www.bokjiro.go.kr/ssis-tbu/twataa/wlfareInfo/moveTWAT52011M.do?wlfareInfoId=WLF00004661&wlfareInfoReldBztpCd=01
38,01_통합문화이용권(문화누리카드).md,https://www.bokjiro.go.kr/ssis-tbu/twataa/wlfareInfo/moveTWAT52011M.do?wlfareInfoId=WLF00000055&wlfareInfoReldBztpCd=01
39,01_평생교육바우처.md,https://www.bokjiro.go.kr/ssis-tbu/twataa/wlfareInfo/moveTWAT52011M.do?wlfareInfoId=WLF00003240&wlfareInfoReldBztpCd=01
40,01_행복주택_공급.md,https://www.bokjiro.go.kr/ssis-tbu/twataa/wlfareInfo/moveTWAT52011M.do?wlfareInfoId=WLF00004649&wlfareInfoReldBztpCd=01
41,01_희망복지지원단_통합사례관리사업.md,https://www.bokjiro.go.kr/ssis-tbu/twataa/wlfareInfo/moveTWAT52011M.do?wlfareInfoId=WLF00000059&wlfareInfoReldBztpCd=01
42,02_건강보험_임의계속가입제도.md,
43,02_고교_취업연계_장려금.md,
44,02_고령자_계속고용장려금.md,
45,02_고령자_고용지원금.md,https://www.bokjiro.go.kr/ssis-tbu/twataa/wlfareInfo/moveTWAT52011M.do?wlfareInfoId=WLF00004660&wlfareInfoReldBztpCd=01
46,02_고졸자_후속관리_지원모델_개발_사업.md,
47,02_국민내일배움카드제.md,
48,02_국민연금_실업크레딧.md,
49,02_국민취업지원제도.md,https://www.bokjiro.go.kr/ssis-tbu/twataa/wlfareInfo/moveTWAT52011M.do?wlfareInfoId=WLF00003245&wlfareInfoReldBztpCd=01
50,02_근로장려금.md,https://www.bokjiro.go.kr/ssis-tbu/twataa/wlfareInfo/moveTWAT52011M.do?wlfareInfoId=WLF00001148&wlfareInfoReldBztpCd=01
51,02_내일이룸학교.md,https://www.bokjiro.go.kr/ssis-tbu/twataa/wlfareInfo/moveTWAT52011M.do?wlfareInfoId=WLF00001026&wlfareInfoReldBztpCd=01
52,02_산업계_주도_청년_맞춤형_훈련.md,
53,02_신중년_경력형_일자리.md,
54,02_신중년_적합직무_고용장려금.md,
55,02_실업급여.md,
56,02_여성_경제활동_촉진_지원사업.md,https://www.bokjiro.go.kr/ssis-tbu/twataa/wlfareInfo/moveTWAT52011M.do?wlfareInfoId=WLF00000071&wlfareInfoReldBztpCd=01
57,02_여성기업_종합지원센터_운영.md,https://www.bokjiro.go.kr/ssis-tbu/twataa/wlfareInfo/moveTWAT52011M.do?wlfareInfoId=WLF00000075&wlfareInfoReldBztpCd=01
58,02_여성기업_판로역량_강화지원.md,https://www.bokjiro.go.kr/ssis-tbu/twataa/wlfareInfo/moveTWAT52011M.do?wlfareInfoId=WLF00000922&wlfareInfoReldBztpCd=01
59,02_여성기업_확인서_발급.md,
60,02_여성창업액셀러레이팅.md,
61,02_여성특화제품_해외_진출_지원.md,
62,02_일학습병행제.md,
63,02_자녀장려금.md,https://www.bokjiro.go.kr/ssis-tbu/twataa/wlfareInfo/moveTWAT52011M.do?wlfareInfoId=WLF00001148&wlfareInfoReldBztpCd=01
64,02_자활근로.md,https://www.bokjiro.go.kr/ssis-tbu/twataa/wlfareInfo/moveTWAT52011M.do?wlfareInfoId=WLF00001138&wlfareInfoReldBztpCd=01
65,02_정부지원_일자리_제공.md,
66,02_중앙취업지원센터_운영.md,
67,02_중장년_기술창업센터_지원.md,https://www.bokjiro.go.kr/ssis-tbu/twataa/wlfareInfo/moveTWAT52011M.do?wlfareInfoId=WLF00003205&wlfareInfoReldBztpCd=01
68,02_창업기숙사_사업.md,
69,02_첨단산업_디지털_핵심_실무인재_양성훈련(K-Digital_Training).md,
70,02_청년내일저축계좌.md,https://www.bokjiro.go.kr/ssis-tbu/twataa/wlfareInfo/moveTWAT52011M.do?wlfareInfoId=WLF00000060&wlfareInfoReldBztpCd=01
71,02_청년내일채움공제.md,
72,02_청년일자리도약장려금.md,
73,02_해외취업_지원.md,
74,02_허그일자리지원_프로그램.md,
75,02_현장실습_기업현장_교육지원.md,
76,02_현장실습_지원금.md,
77,"02_희망저축계좌(Ⅰ,_Ⅱ).md",https://www.bokjiro.go.kr/ssis-tbu/twataa/wlfareInfo/moveTWAT52011M.do?wlfareInfoId=WLF00000100&wlfareInfoReldBztpCd=01
78,03_가정양육수당_지원.md,https://www.bokjiro.go.kr/ssis-tbu/twataa/wlfareInfo/moveTWAT52011M.do?wlfareInfoId=WLF00003253&wlfareInfoReldBztpCd=01
79,03_건강보험_임신•출산_진료비(국민행복카드).md,
80,03_고용보험_미적용자_출산급여_지원.md,https://www.bokjiro.go.kr/ssis-tbu/twataa/wlfareInfo/moveTWAT52011M.do?wlfareInfoId=WLF00000838&wlfareInfoReldBztpCd=01
81,03_고위험_임산부_의료비_지원.md,https://www.bokjiro.go.kr/ssis-tbu/twataa/wlfareInfo/moveTWAT52011M.do?wlfareInfoId=WLF00001088&wlfareInfoReldBztpCd=01
82,03_공동육아나눔터_운영.md,https://www.bokjiro.go.kr/ssis-tbu/twataa/wlfareInfo/moveTWAT52011M.do?wlfareInfoId=WLF00000028&wlfareInfoReldBztpCd=01
83,03_국민연금_출산크레딧.md,https://www.bokjiro.go.kr/ssis-tbu/twataa/wlfareInfo/moveTWAT52011M.do?wlfareInfoId=WLF00004647&wlfareInfoReldBztpCd=01
84,03_그밖의_연장형_보육료_지원(어린이집_이용_아동).md,https://www.bokjiro.go.kr/ssis-tbu/twataa/wlfareInfo/moveTWAT52011M.do?wlfareInfoId=WLF00001147&wlfareInfoReldBztpCd=01
85,03_난임부부_시술비_지원.md,
86,03_다함께_돌봄_사업.md,https://www.bokjiro.go.kr/ssis-tbu/twataa/wlfareInfo/moveTWAT52011M.do?wlfareInfoId=WLF00000089&wlfareInfoReldBztpCd=01
87,03_만_0~2세_보육료_지원.md,https://www.bokjiro.go.kr/ssis-tbu/twataa/wlfareInfo/moveTWAT52011M.do?wlfareInfoId=WLF00003250&wlfareInfoReldBztpCd=01
88,03_만_3~5세_누리과정_지원.md,https://www.bokjiro.go.kr/ssis-tbu/twataa/wlfareInfo/moveTWAT52011M.do?wlfareInfoId=WLF00003250&wlfareInfoReldBztpCd=01
89,03_미숙아_및_선천성이상아_의료비_지원.md,https://www.bokjiro.go.kr/ssis-tbu/twataa/wlfareInfo/moveTWAT52011M.do?wlfareInfoId=WLF00003237&wlfareInfoReldBztpCd=01
90,03_방과후_보육료_지원.md,https://www.bokjiro.go.kr/ssis-tbu/twataa/wlfareInfo/moveTWAT52011M.do?wlfareInfoId=WLF00001140&wlfareInfoReldBztpCd=01
91,03_배우자_출산휴가급여_지원.md,
92,03_부모급여.md,https://www.bokjiro.go.kr/ssis-tbu/twataa/wlfareInfo/moveTWAT52011M.do?wlfareInfoId=WLF00004657&wlfareInfoReldBztpCd=01
93,03_산모•신생아_건강관리_지원사업.md,https://www.bokjiro.go.kr/ssis-tbu/twataa/wlfareInfo/moveTWAT52011M.do?wlfareInfoId=WLF00001188&wlfareInfoReldBztpCd=01
94,03_선천성_난청검사_및_보청기_지원.md,https://www.bokjiro.go.kr/ssis-tbu/twataa/wlfareInfo/moveTWAT52011M.do?wlfareInfoId=WLF00001130&wlfareInfoReldBztpCd=01
95,03_선천성대사_이상_검사_및_환아관리.md,https://www.bokjiro.go.kr/ssis-tbu/twataa/wlfareInfo/moveTWAT52011M.do?wlfareInfoId=WLF00000040&wlfareInfoReldBztpCd=01
96,03_시간제_보육_지원.md,https://www.bokjiro.go.kr/ssis-tbu/twataa/wlfareInfo/moveTWAT52011M.do?wlfareInfoId=WLF00000037&wlfareInfoReldBztpCd=01
97,03_아동_입원진료비_지원.md,
98,03_아동수당.md,https://www.bokjiro.go.kr/ssis-tbu/twataa/wlfareInfo/moveTWAT52011M.do?wlfareInfoId=WLF00001171&wlfareInfoReldBztpCd=01
99,03_아이돌봄서비스.md,https://www.bokjiro.go.kr/ssis-tbu/twataa/wlfareInfo/moveTWAT52011M.do?wlfareInfoId=WLF00000024&wlfareInfoReldBztpCd=01
100,03_어린이_국가예방접종_지원사업.md,https://www.bokjiro.go.kr/ssis-tbu/twataa/wlfareInfo/moveTWAT52011M.do?wlfareInfoId=WLF00003242&wlfareInfoReldBztpCd=01
101,03_어린이_불소_도포.md,
102,03_영양플러스.md,https://www.bokjiro.go.kr/ssis-tbu/twataa/wlfareInfo/moveTWAT52011M.do?wlfareInfoId=WLF00000937&wlfareInfoReldBztpCd=02
103,03_영유아_건강검진.md,
104,03_요양비(출산비)지원(요양기관_외_출산_시_출산비_지급).md,
105,03_육아기_근로시간_단축_지원.md,
106,03_육아종합지원센터.md,
107,03_육아휴직_급여_지원.md,
108,03_임산부_인플루엔자_국가예방접종_지원.md,
109,03_임산부_철분제•엽산제_지원.md,https://www.bokjiro.go.kr/ssis-tbu/twataa/wlfareInfo/moveTWAT52011M.do?wlfareInfoId=WLF00002465&wlfareInfoReldBztpCd=02
110,03_임신•출산_진료비(의료급여).md,https://www.bokjiro.go.kr/ssis-tbu/twataa/wlfareInfo/moveTWAT52011M.do?wlfareInfoId=WLF00000061&wlfareInfoReldBztpCd=01
111,03_입양_숙려기간_모자지원.md,https://www.bokjiro.go.kr/ssis-tbu/twataa/wlfareInfo/moveTWAT52011M.do?wlfareInfoId=WLF00000807&wlfareInfoReldBztpCd=01
112,03_입양아동_지원.md,
113,03_저소득층_기저귀•조제분유_지원.md,https://www.bokjiro.go.kr/ssis-tbu/twataa/wlfareInfo/moveTWAT52011M.do?wlfareInfoId=WLF00000092&wlfareInfoReldBztpCd=01
114,03_조산아_및_저체중출생아_본인부담금_경감.md,
115,03_지역아동센터_지원.md,https://www.bokjiro.go.kr/ssis-tbu/twataa/wlfareInfo/moveTWAT52011M.do?wlfareInfoId=WLF00001107&wlfareInfoReldBztpCd=01
116,03_직장어린이집_설치_지원.md,https://www.bokjiro.go.kr/ssis-tbu/twataa/wlfareInfo/moveTWAT52011M.do?wlfareInfoId=WLF00001163&wlfareInfoReldBztpCd=01
117,03_첫만남이용권(국민행복카드).md,https://www.bokjiro.go.kr/ssis-tbu/twataa/wlfareInfo/moveTWAT52011M.do?wlfareInfoId=WLF00004656&wlfareInfoReldBztpCd=01
118,03_청소년_방과후_아카데미_운영지원.md,https://www.bokjiro.go.kr/ssis-tbu/twataa/wlfareInfo/moveTWAT52011M.do?wlfareInfoId=WLF00003254&wlfareInfoReldBztpCd=01
119,03_청소년부모_아동양육비_지원.md,https://www.bokjiro.go.kr/ssis-tbu/twataa/wlfareInfo/moveTWAT52011M.do?wlfareInfoId=WLF00005023&wlfareInfoReldBztpCd=01
120,03_청소년산모_임신•출산_의료비_지원(국민행복카드).md,https://www.bokjiro.go.kr/ssis-tbu/twataa/wlfareInfo/moveTWAT52011M.do?wlfareInfoId=WLF00003246&wlfareInfoReldBztpCd=01
121,03_초등돌봄교실.md,https://www.bokjiro.go.kr/ssis-tbu/twataa/wlfareInfo/moveTWAT52011M.do?wlfareInfoId=WLF00003184&wlfareInfoReldBztpCd=01
122,03_출산비용_지원.md,
123,03_출산육아기_고용안정장려금(대체인력_지원금).md,https://www.bokjiro.go.kr/ssis-tbu/twataa/wlfareInfo/moveTWAT52011M.do?wlfareInfoId=WLF00003224&wlfareInfoReldBztpCd=01
124,"03_출산육아기_고용안정장려금(육아휴직_지원금,육아기_근로시간_단축_지원금).md",https://www.bokjiro.go.kr/ssis-tbu/twataa/wlfareInfo/moveTWAT52011M.do?wlfareInfoId=WLF00003224&wlfareInfoReldBztpCd=01
125,03_출산전후(유산•사산)휴가_급여_지원.md,https://www.bokjiro.go.kr/ssis-tbu/twataa/wlfareInfo/moveTWAT52011M.do?wlfareInfoId=WLF00003226&wlfareInfoReldBztpCd=01
126,03_취학전_아동_실명_예방.md,https://www.bokjiro.go.kr/ssis-tbu/twataa/wlfareInfo/moveTWAT52011M.do?wlfareInfoId=WLF00001081&wlfareInfoReldBztpCd=01
127,03_표준모자보건수첩_제공.md,https://www.bokjiro.go.kr/ssis-tbu/twataa/wlfareInfo/moveTWAT52011M.do?wlfareInfoId=WLF00001161&wlfareInfoReldBztpCd=01
128,04_HPV_국가예방접종_지원사업.md,
129,04_가정위탁아동_지원.md,
130,04_경계선지능아동_맞춤형_사례관리서비스.md,https://www.bokjiro.go.kr/ssis-tbu/twataa/wlfareInfo/moveTWAT52011M.do?wlfareInfoId=WLF00003223&wlfareInfoReldBztpCd=01
131,04_경제적_배려대상자_지원.md,
132,04_고교학비_지원.md,https://www.bokjiro.go.kr/ssis-tbu/twataa/wlfareInfo/moveTWAT52011M.do?wlfareInfoId=WLF00001103&wlfareInfoReldBztpCd=01
133,04_고졸_후학습자_장학금(희망사다리Ⅱ유형).md,
134,04_교육복지_우선지원사업.md,https://www.bokjiro.go.kr/ssis-tbu/twataa/wlfareInfo/moveTWAT52011M.do?wlfareInfoId=WLF00001120&wlfareInfoReldBztpCd=01
135,04_국가근로장학금.md,https://www.bokjiro.go.kr/ssis-tbu/twataa/wlfareInfo/moveTWAT52011M.do?wlfareInfoId=WLF00001060&wlfareInfoReldBztpCd=01
136,04_국가장학금[Ⅰ_Ⅱ유형_다자녀(세_자녀_이상)].md,
137,04_급식비_지원.md,https://www.bokjiro.go.kr/ssis-tbu/twataa/wlfareInfo/moveTWAT52011M.do?wlfareInfoId=WLF00003255&wlfareInfoReldBztpCd=01
138,04_기초생활보장(교육급여).md,
139,04_농촌출신_대학생_학자금_융자사업.md,https://www.bokjiro.go.kr/ssis-tbu/twataa/wlfareInfo/moveTWAT52011M.do?wlfareInfoId=WLF00001096&wlfareInfoReldBztpCd=01
140,"04_대학생_연합생활관(롯데,마포).md",
141,"04_대학생_연합생활관(은행권,고양).md",
142,04_대학생_청소년교육지원사업.md,
143,04_방과후학교_자유수강권.md,https://www.bokjiro.go.kr/ssis-tbu/twataa/wlfareInfo/moveTWAT52011M.do?wlfareInfoId=WLF00000867&wlfareInfoReldBztpCd=01
144,04_복권기금_꿈사다리_장학사업.md,https://www.bokjiro.go.kr/ssis-tbu/twataa/wlfareInfo/moveTWAT52011M.do?wlfareInfoId=WLF00003177&wlfareInfoReldBztpCd=01
145,04_생계곤란_병역감면_제도.md,
146,04_성매매_피해아동_청소년_종합지원_체계_운영.md,https://www.bokjiro.go.kr/ssis-tbu/twataa/wlfareInfo/moveTWAT52011M.do?wlfareInfoId=WLF00001139&wlfareInfoReldBztpCd=01
147,04_신체적 배려대상자_지원.md,
148,04_실종아동_보호_및_지원.md,https://www.bokjiro.go.kr/ssis-tbu/twataa/wlfareInfo/moveTWAT52011M.do?wlfareInfoId=WLF00000032&wlfareInfoReldBztpCd=01
149,04_심신장애인_학자금대출_채무면제.md,
150,04_아동_급식_지원.md,
151,04_아동발달지원계좌(디딤씨앗통장).md,https://www.bokjiro.go.kr/ssis-tbu/twataa/wlfareInfo/moveTWAT52011M.do?wlfareInfoId=WLF00003258&wlfareInfoReldBztpCd=01
152,04_아동통합서비스_지원(드림스타트사업).md,https://www.bokjiro.go.kr/ssis-tbu/twataa/wlfareInfo/moveTWAT52011M.do?wlfareInfoId=WLF00003283&wlfareInfoReldBztpCd=01
153,04_여성청소년_생리용품_바우처_지원.md,https://www.bokjiro.go.kr/ssis-tbu/twataa/wlfareInfo/moveTWAT52011M.do?wlfareInfoId=WLF00000781&wlfareInfoReldBztpCd=01
154,04_예술체육_비전장학금.md,
155,04_우수고등학생_해외유학_장학금(드림장학금).md,
156,04_위(Wee)프로젝트_상담지원(위(Wee)클래스·위(Wee)센터·위(Wee)스쿨_등).md,https://www.bokjiro.go.kr/ssis-tbu/twataa/wlfareInfo/moveTWAT52011M.do?wlfareInfoId=WLF00003263&wlfareInfoReldBztpCd=01
157,04_위기청소년_특별지원.md,https://www.bokjiro.go.kr/ssis-tbu/twataa/wlfareInfo/moveTWAT52011M.do?wlfareInfoId=WLF00000078&wlfareInfoReldBztpCd=01
158,04_이공계_우수학생_국가장학사업.md,https://www.bokjiro.go.kr/ssis-tbu/twataa/wlfareInfo/moveTWAT52011M.do?wlfareInfoId=WLF00001071&wlfareInfoReldBztpCd=01
159,04_이주배경청소년_지원.md,https://www.bokjiro.go.kr/ssis-tbu/twataa/wlfareInfo/moveTWAT52011M.do?wlfareInfoId=WLF00001114&wlfareInfoReldBztpCd=01
160,04_인문100년_장학금.md,https://www.bokjiro.go.kr/ssis-tbu/twataa/wlfareInfo/moveTWAT52011M.do?wlfareInfoId=WLF00000052&wlfareInfoReldBztpCd=01
161,04_일반_상환_학자금_대출.md,https://www.bokjiro.go.kr/ssis-tbu/twataa/wlfareInfo/moveTWAT52011M.do?wlfareInfoId=WLF00003276&wlfareInfoReldBztpCd=01
162,04_자립준비청년(보호종료아동)_자립수당.md,https://www.bokjiro.go.kr/ssis-tbu/twataa/wlfareInfo/moveTWAT52011M.do?wlfareInfoId=WLF00001175&wlfareInfoReldBztpCd=01
163,04_자립지원_전담기관_운영.md,
164,04_전문기술인재장학금.md,
165,04_중소기업_취업연계_장학사업(희망사다리Ⅰ유형).md,
166,04_지방_청소년활동진흥센터_운영.md,
167,04_지역사회_청소년_통합지원체계(청소년안전망).md,https://www.bokjiro.go.kr/ssis-tbu/twataa/wlfareInfo/moveTWAT52011M.do?wlfareInfoId=WLF00001141&wlfareInfoReldBztpCd=01
168,04_청소년_국제교류.md,https://www.bokjiro.go.kr/ssis-tbu/twataa/wlfareInfo/moveTWAT52011M.do?wlfareInfoId=WLF00001174&wlfareInfoReldBztpCd=01
169,04_청소년_인터넷·스마트폰_과의존_예방_및_해소_지원.md,https://www.bokjiro.go.kr/ssis-tbu/twataa/wlfareInfo/moveTWAT52011M.do?wlfareInfoId=WLF00001145&wlfareInfoReldBztpCd=01
170,04_청소년동반자_프로그램.md,https://www.bokjiro.go.kr/ssis-tbu/twataa/wlfareInfo/moveTWAT52011M.do?wlfareInfoId=WLF00003200&wlfareInfoReldBztpCd=01
171,04_청소년상담_1388.md,https://www.bokjiro.go.kr/ssis-tbu/twataa/wlfareInfo/moveTWAT52011M.do?wlfareInfoId=WLF00003236&wlfareInfoReldBztpCd=01
172,04_청소년성문화센터.md,https://www.bokjiro.go.kr/ssis-tbu/twataa/wlfareInfo/moveTWAT52011M.do?wlfareInfoId=WLF00004650&wlfareInfoReldBztpCd=01
173,04_청소년쉼터.md,
174,04_청소년자립지원관.md,
175,04_청소년치료재활센터(국립중앙청소년디딤센터_국립대구청소년디딤센터)운영.md,https://www.bokjiro.go.kr/ssis-tbu/twataa/wlfareInfo/moveTWAT52011M.do?wlfareInfoId=WLF00003185&wlfareInfoReldBztpCd=01
176,04_청소년활동_지원.md,https://www.bokjiro.go.kr/ssis-tbu/twataa/wlfareInfo/moveTWAT52011M.do?wlfareInfoId=WLF00003187&wlfareInfoReldBztpCd=01
177,04_초·중·고_학생_교육정보화_지원(PC_인터넷통신비).md,https://www.bokjiro.go.kr/ssis-tbu/twataa/wlfareInfo/moveTWAT52011M.do?wlfareInfoId=WLF00003227&wlfareInfoReldBztpCd=01
178,04_취업_후_상환_학자금대출.md,https://www.bokjiro.go.kr/ssis-tbu/twataa/wlfareInfo/moveTWAT52011M.do?wlfareInfoId=WLF00003277&wlfareInfoReldBztpCd=01
179,04_푸른등대_기부장학사업.md,
180,04_푸른등대_삼성기부장학사업.md,
181,04_학교_밖_청소년_건강검진.md,
182,04_학교_밖_청소년_지원.md,https://www.bokjiro.go.kr/ssis-tbu/twataa/wlfareInfo/moveTWAT52011M.do?wlfareInfoId=WLF00000948&wlfareInfoReldBztpCd=01
183,04_학교_우유급식.md,https://www.bokjiro.go.kr/ssis-tbu/twataa/wlfareInfo/moveTWAT52011M.do?wlfareInfoId=WLF00001182&wlfareInfoReldBztpCd=01
184,04_학대피해아동_보호_및_지원.md,https://www.bokjiro.go.kr/ssis-tbu/twataa/wlfareInfo/moveTWAT52011M.do?wlfareInfoId=WLF00001180&wlfareInfoReldBztpCd=01
185,05_건강보험_산정특례.md,
186,05_건강보험_차상위.md,
187,05_건강보험제도.md,
188,05_건강생활_유지비_지원.md,
189,05_고혈압·당뇨병_등록관리.md,https://www.bokjiro.go.kr/ssis-tbu/twataa/wlfareInfo/moveTWAT52011M.do?wlfareInfoId=WLF00000047&wlfareInfoReldBztpCd=01
190,05_국가건강검진제도.md,
191,05_노숙인 및 취약계층 알코올 중독문제 관리사업.md,https://www.bokjiro.go.kr/ssis-tbu/twataa/wlfareInfo/moveTWAT52011M.do?wlfareInfoId=WLF00001160&wlfareInfoReldBztpCd=01
192,05_노숙인_및_취약계층_알코올_중독문제_관리사업.md,https://www.bokjiro.go.kr/ssis-tbu/twataa/wlfareInfo/moveTWAT52011M.do?wlfareInfoId=WLF00001160&wlfareInfoReldBztpCd=01
193,05_노인장기요양보험_본인부담금_감경.md,https://www.bokjiro.go.kr/ssis-tbu/twataa/wlfareInfo/moveTWAT52011M.do?wlfareInfoId=WLF00001177&wlfareInfoReldBztpCd=01
194,05_노인장기요양보험제도.md,
195,05_선택의료급여기관_제도.md,
196,05_성인_암환자_의료비_지원.md,https://www.bokjiro.go.kr/ssis-tbu/twataa/wlfareInfo/moveTWAT52011M.do?wlfareInfoId=WLF00001184&wlfareInfoReldBztpCd=01
197,05_소아_암환자_의료비_지원.md,https://www.bokjiro.go.kr/ssis-tbu/twataa/wlfareInfo/moveTWAT52011M.do?wlfareInfoId=WLF00001184&wlfareInfoReldBztpCd=01
198,05_의료급여_본인부담_면제.md,https://www.bokjiro.go.kr/ssis-tbu/twataa/wlfareInfo/moveTWAT52011M.do?wlfareInfoId=WLF00003171
199,05_의료급여_본인부담금_보상제·상한제·대지급금_지원.md,
200,05_의료급여_산정특례(중증질환_산정특례).md,
201,05_의료급여_제도.md,
202,05_입원·격리치료명령_결핵환자_부양가족_생활보호비_지원.md,https://www.bokjiro.go.kr/ssis-tbu/twataa/wlfareInfo/moveTWAT52011M.do?wlfareInfoId=WLF00001159
203,05_자살예방센터_운영.md,
204,05_재난적의료비_지원.md,
205,05_정신건강복지센터_이용.md,https://www.bokjiro.go.kr/ssis-tbu/twataa/wlfareInfo/moveTWAT52011M.do?wlfareInfoId=WLF00003169
206,05_정신질환자 치료비 지원사업.md,https://www.bokjiro.go.kr/ssis-tbu/twataa/wlfareInfo/moveTWAT52011M.do?wlfareInfoId=WLF00004161
207,05_정신질환자_치료비_지원사업.md,https://www.bokjiro.go.kr/ssis-tbu/twataa/wlfareInfo/moveTWAT52011M.do?wlfareInfoId=WLF00004161
208,05_중독관리통합지원센터_운영.md,https://www.bokjiro.go.kr/ssis-tbu/twataa/wlfareInfo/moveTWAT52011M.do?wlfareInfoId=WLF00000896
209,05_지역사회통합_건강증진_사업.md,https://www.bokjiro.go.kr/ssis-tbu/twataa/wlfareInfo/moveTWAT52011M.do?wlfareInfoId=WLF00003264
210,05_청년마음건강지원사업(바우처).md,https://www.bokjiro.go.kr/ssis-tbu/twataa/wlfareInfo/moveTWAT52011M.do?wlfareInfoId=WLF00004671
211,05_희귀질환자_의료비_지원.md,https://www.bokjiro.go.kr/ssis-tbu/twataa/wlfareInfo/moveTWAT52011M.do?wlfareInfoId=WLF00000864
212,06_기초연금제도.md,https://www.bokjiro.go.kr/ssis-tbu/twataa/wlfareInfo/moveTWAT52011M.do?wlfareInfoId=WLF00001164
213,06_노인_무릎인공관절_수술_지원.md,https://www.bokjiro.go.kr/ssis-tbu/twataa/wlfareInfo/moveTWAT52011M.do?wlfareInfoId=WLF00001179
214,06_노인_안검진_및_개안수술.md,https://www.bokjiro.go.kr/ssis-tbu/twataa/wlfareInfo/moveTWAT52011M.do?wlfareInfoId=WLF00001115
215,06_노인_일자리_및_사회활동_지원.md,https://www.bokjiro.go.kr/ssis-tbu/twataa/wlfareInfo/moveTWAT52011M.do?wlfareInfoId=WLF00001155
216,06_노인_치과_임플란트_지원.md,https://www.bokjiro.go.kr/ssis-tbu/twataa/wlfareInfo/moveTWAT52011M.do?wlfareInfoId=WLF00001169
217,06_노인_틀니_지원.md,https://www.bokjiro.go.kr/ssis-tbu/twataa/wlfareInfo/moveTWAT52011M.do?wlfareInfoId=WLF00001169
218,06_노인맞춤돌봄서비스.md,https://www.bokjiro.go.kr/ssis-tbu/twataa/wlfareInfo/moveTWAT52011M.do?wlfareInfoId=WLF00003191
219,06_노인보호_전문기관_이용.md,https://www.bokjiro.go.kr/ssis-tbu/twataa/wlfareInfo/moveTWAT52011M.do?wlfareInfoId=WLF00003252
220,"06_노인복지관,_경로당_이용.md",
221,06_노후긴급자금_대부_사업.md,https://www.bokjiro.go.kr/ssis-tbu/twataa/wlfareInfo/moveTWAT52011M.do?wlfareInfoId=WLF00003241
222,06_노후준비서비스.md,https://www.bokjiro.go.kr/ssis-tbu/twataa/wlfareInfo/moveTWAT52011M.do?wlfareInfoId=WLF00000031
223,06_독거노인·장애인_응급안전_안심서비스.md,https://www.bokjiro.go.kr/ssis-tbu/twataa/wlfareInfo/moveTWAT52011M.do?wlfareInfoId=WLF00001093
224,06_디지털배움터.md,https://www.bokjiro.go.kr/ssis-tbu/twataa/wlfareInfo/moveTWAT52011M.do?wlfareInfoId=WLF00001083
225,06_어르신_국가예방접종_지원_사업.md,https://www.bokjiro.go.kr/ssis-tbu/twataa/wlfareInfo/moveTWAT52011M.do?wlfareInfoId=WLF00003213
226,06_어르신_문화활동_지원.md,https://www.bokjiro.go.kr/ssis-tbu/twataa/wlfareInfo/moveTWAT52011M.do?wlfareInfoId=WLF00001111
227,06_어르신을_위한_요금감면_제도.md,
228,06_은퇴금융_아카데미.md,
229,06_주택연금제도.md,https://www.bokjiro.go.kr/ssis-tbu/twataa/wlfareInfo/moveTWAT52011M.do?wlfareInfoId=WLF00001108
230,06_치매검진_지원.md,https://www.bokjiro.go.kr/ssis-tbu/twataa/wlfareInfo/moveTWAT52011M.do?wlfareInfoId=WLF00005004
231,06_치매치료_관리비_지원사업.md,https://www.bokjiro.go.kr/ssis-tbu/twataa/wlfareInfo/moveTWAT52011M.do?wlfareInfoId=WLF00001158
232,07_국립특수학교_및_국립부설학교_특수학급_지원.md,https://www.bokjiro.go.kr/ssis-tbu/twataa/wlfareInfo/moveTWAT52011M.do?wlfareInfoId=WLF00001173&wlfareInfoReldBztpCd=01
233,07_근로장애인_전환지원.md,https://www.bokjiro.go.kr/ssis-tbu/twataa/wlfareInfo/moveTWAT52011M.do?wlfareInfoId=WLF00001187&wlfareInfoReldBztpCd=01
234,07_농어촌_장애인_주택_개조.md,
235,07_대학의_장애학생지원센터_운영_지원.md,https://www.bokjiro.go.kr/ssis-tbu/twataa/wlfareInfo/moveTWAT52011M.do?wlfareInfoId=WLF00000090
236,07_무료_법률구조_제도.md,https://www.bokjiro.go.kr/ssis-tbu/twataa/wlfareInfo/moveTWAT52015M.do?wlfareInfoId=S5300052606
237,07_발달장애인_가족휴식_지원.md,https://www.bokjiro.go.kr/ssis-tbu/twataa/wlfareInfo/moveTWAT52011M.do?wlfareInfoId=WLF00001150
238,07_발달장애인_공공후견_지원.md,https://www.bokjiro.go.kr/ssis-tbu/twataa/wlfareInfo/moveTWAT52011M.do?wlfareInfoId=WLF00000065
239,07_발달장애인_긴급돌봄_시범사업.md,https://www.bokjiro.go.kr/ssis-tbu/twataa/wlfareInfo/moveTWAT52011M.do
240,07_발달장애인_부모_상담 _지원.md,https://www.bokjiro.go.kr/ssis-tbu/twataa/wlfareInfo/moveTWAT52011M.do
241,07_발달재활_서비스.md,https://www.bokjiro.go.kr/ssis-tbu/twataa/wlfareInfo/moveTWAT52011M.do?wlfareInfoId=WLF00003195
242,07_보조공학기기_지원.md,https://www.bokjiro.go.kr/ssis-tbu/twataa/wlfareInfo/moveTWAT52011M.do?wlfareInfoId=WLF00003231
243,07_성인_발달장애인_주간활동_서비스.md,https://www.bokjiro.go.kr/ssis-tbu/twataa/wlfareInfo/moveTWAT52011M.do?wlfareInfoId=WLF00002643
244,07_소외계층_방송접근권_보장사업(시각·청각장애인용 TV보급).md,https://www.bokjiro.go.kr/ssis-tbu/twataa/wlfareInfo/moveTWAT52011M.do?wlfareInfoId=WLF00000104
245,07_수어통역센터.md,https://www.bokjiro.go.kr/ssis-tbu/twataa/wlfareInfo/moveTWAT52011M.do?wlfareInfoId=WLF00003219
246,07_승용자동차_LPG_연료_사용_허용.md,
247,07_언어발달_지원.md,https://www.bokjiro.go.kr/ssis-tbu/twataa/wlfareInfo/moveTWAT52011M.do?wlfareInfoId=WLF00003279
248,07_여성장애인_가사도우미_파견.md,https://www.bokjiro.go.kr/ssis-tbu/twataa/wlfareInfo/moveTWAT52011M.do?wlfareInfoId=WLF00003546
249,07_여성장애인_교육_지원.md,https://www.bokjiro.go.kr/ssis-tbu/twataa/wlfareInfo/moveTWAT52011M.do?wlfareInfoId=WLF00003220
250,07_여성장애인_출산비용_지원.md,https://www.bokjiro.go.kr/ssis-tbu/twatzzza/intgSearch/moveTWZZ01000M.do
251,07_장애_입양_아동_의료비_지원.md,https://www.bokjiro.go.kr/ssis-tbu/twataa/wlfareInfo/moveTWAT52011M.do
252,07_장애수당.md,https://www.bokjiro.go.kr/ssis-tbu/twataa/wlfareInfo/moveTWAT52011M.do?wlfareInfoId=WLF00003265
253,07_장애아_방과후_보육료_지원.md,https://www.bokjiro.go.kr/ssis-tbu/twataa/wlfareInfo/moveTWAT52011M.do?wlfareInfoId=WLF00001140
254,07_장애아_보육료_지원.md,https://www.bokjiro.go.kr/ssis-tbu/twataa/wlfareInfo/moveTWAT52011M.do?wlfareInfoId=WLF00001067&wlfareInfoReldBztpCd=01
255,07_장애아가족_양육지원.md,https://www.bokjiro.go.kr/ssis-tbu/twataa/wlfareInfo/moveTWAT52011M.do?wlfareInfoId=WLF00003262&wlfareInfoReldBztpCd=01
256,07_장애아동_그밖의_연장형_보육료_지원(어린이집_이용_아동).md,https://www.bokjiro.go.kr/ssis-tbu/twataa/wlfareInfo/moveTWAT52011M.do?wlfareInfoId=WLF00001147&wlfareInfoReldBztpCd=01
257,07_장애아동_양육수당.md,
258,07_장애아동_입양양육_지원.md,https://www.bokjiro.go.kr/ssis-tbu/twatzzza/intgSearch/moveTWZZ01000M.do
259,07_장애아동수당.md,https://www.bokjiro.go.kr/ssis-tbu/twataa/wlfareInfo/moveTWAT52011M.do
260,07_장애인_거주시설_실비입소_이용료_지원.md,https://www.bokjiro.go.kr/ssis-tbu/twataa/wlfareInfo/moveTWAT52011M.do?wlfareInfoId=WLF00001144
261,07_장애인_거주시설_이용.md,
262,07_장애인_건강보험료_경감.md,
263,07_장애인_고용관리_비용_지원.md,
264,07_장애인_고용장려금_지원.md,
265,07_장애인_근로지원인.md,
266,07_장애인_등록신청.md,
267,07_장애인_보조기기_급여.md,https://www.bokjiro.go.kr/ssis-tbu/twataa/wlfareInfo/moveTWAT52011M.do?wlfareInfoId=WLF00001136
268,07_장애인_보조기기_지원.md,https://www.bokjiro.go.kr/ssis-tbu/twataa/wlfareInfo/moveTWAT52011M.do?wlfareInfoId=WLF00000067
269,07_장애인_복지관.md,
270,07_장애인_상속세_상속공제.md,
271,07_장애인_생활이동지원센터.md,
272,07_장애인_서비스지원_종합조사_신청.md,https://www.bokjiro.go.kr/ssis-tbu/twataa/wlfareInfo/moveTWAT52011M.do?wlfareInfoId=WLF00003260
273,07_장애인_신규_고용장려금_지원.md,https://www.bokjiro.go.kr/ssis-tbu/twataa/wlfareInfo/moveTWAT52011M.do?wlfareInfoId=WLF00004659
274,07_장애인_운전교육_사업.md,https://www.bokjiro.go.kr/ssis-tbu/twataa/wlfareInfo/moveTWAT52011M.do
275,07_장애인_의료비_지원.md,https://www.bokjiro.go.kr/ssis-tbu/twataa/wlfareInfo/moveTWAT52011M.do
276,07_장애인_의료재활시설_이용.md,
277,07_장애인_일자리_지원.md,https://www.bokjiro.go.kr/ssis-tbu/twataa/wlfareInfo/moveTWAT52011M.do?wlfareInfoId=WLF00000025
278,07_장애인_자동차_표지_발급.md,
279,07_장애인_자립자금_대여.md,https://www.bokjiro.go.kr/ssis-tbu/twataa/wlfareInfo/moveTWAT52011M.do?wlfareInfoId=WLF00000026
280,07_장애인_재활지원_사업.md,
281,07_장애인_전용_승용자동차에_대한_개별소비세_면제.md,
282,07_장애인_정보화교육.md,https://www.bokjiro.go.kr/ssis-tbu/twataa/wlfareInfo/moveTWAT52011M.do?wlfareInfoId=WLF00000066
283,07_장애인_주간_보호시설.md,
284,07_장애인_주택_특별(우선)공급.md,
285,07_장애인_직업능력개발_운영(훈련수당).md,https://www.bokjiro.go.kr/ssis-tbu/twataa/wlfareInfo/moveTWAT52011M.do?wlfareInfoId=WLF00003259
286,07_장애인_직업재활시설_이용.md,
287,07_장애인_창업육성.md,https://www.bokjiro.go.kr/ssis-tbu/twataa/wlfareInfo/moveTWAT52011M.do?wlfareInfoId=WLF00003210
288,07_장애인_창업점포_지원사업.md,https://www.bokjiro.go.kr/ssis-tbu/twataa/wlfareInfo/moveTWAT52011M.do
289,07_장애인_체육시설.md,
290,07_장애인_취업성공패키지.md,https://www.bokjiro.go.kr/ssis-tbu/twataa/wlfareInfo/moveTWAT52011M.do?wlfareInfoId=WLF00004655
291,07_장애인_표준사업장_설립_지원.md,https://www.bokjiro.go.kr/ssis-tbu/twataa/wlfareInfo/moveTWAT52011M.do
292,07_장애인_활동지원.md,https://www.bokjiro.go.kr/ssis-tbu/twataa/wlfareInfo/moveTWAT52011M.do?wlfareInfoId=WLF00003260
293,07_장애인고용_시설장비_융자·무상지원.md,https://www.bokjiro.go.kr/ssis-tbu/twataa/wlfareInfo/moveTWAT52011M.do?wlfareInfoId=WLF00000068
294,07_장애인기업_창업보육실_운영.md,https://www.bokjiro.go.kr/ssis-tbu/twataa/wlfareInfo/moveTWAT52011M.do?wlfareInfoId=WLF00003210
295,07_장애인보조기기_부가가치세_영세율_적용.md,
296,07_장애인생산품_판매시설.md,
297,07_장애인연금.md,https://www.bokjiro.go.kr/ssis-tbu/twataa/wlfareInfo/moveTWAT52011M.do?wlfareInfoId=WLF00003249
298,07_장애인용_자동차에_대한_지방세_감면.md,https://www.bokjiro.go.kr/ssis-tbu/twataa/wlfareInfo/moveTWAT52011M.do?wlfareInfoId=WLF00000087
299,07_장애인을_위한_요금감면제도.md,
300,07_장애정도_심사_검사비_지원.md,https://www.bokjiro.go.kr/ssis-tbu/twataa/wlfareInfo/moveTWAT52011M.do?wlfareInfoId=WLF00000099
301,07_장애정도_심사용_진단서_발급비_지원.md,https://www.bokjiro.go.kr/ssis-tbu/twataa/wlfareInfo/moveTWAT52011M.do?wlfareInfoId=WLF00000099
302,07_장애친화_건강검진.md,https://www.bokjiro.go.kr/ssis-tbu/twataa/wlfareInfo/moveTWAT52011M.do?wlfareInfoId=WLF00001133
303,07_장애학생_정보격차_해소_지원.md,https://www.bokjiro.go.kr/ssis-tbu/twataa/wlfareInfo/moveTWAT52011M.do
304,07_정보통신_보조기기_보급.md,https://www.bokjiro.go.kr/ssis-tbu/twataa/wlfareInfo/moveTWAT52011M.do
305,07_중증장애인_지원고용(훈련수당).md,https://www.bokjiro.go.kr/ssis-tbu/twataa/wlfareInfo/moveTWAT52011M.do?wlfareInfoId=WLF00003259
306,07_중증장애인_직업재활_지원.md,https://www.bokjiro.go.kr/ssis-tbu/twataa/wlfareInfo/moveTWAT52011M.do?wlfareInfoId=WLF00003189
307,07_중증장애인생산품_우선구매.md,
308,07_중증장애인확인서_발급.md,
309,07_증여세_과세가액_불산입.md,
310,07_지역사회_중심_재활사업.md,
311,07_지역장애인보건의료센터.md,
312,07_청각장애인_인공달팽이관_수술비_지원.md,https://www.bokjiro.go.kr/ssis-tbu/twataa/wlfareInfo/moveTWAT52011M.do
313,07_청소년_발달장애인_방과후활동서비스.md,https://www.bokjiro.go.kr/ssis-tbu/twataa/wlfareInfo/moveTWAT52011M.do
314,07_특수교육대상자_치료지원_서비스.md,https://www.bokjiro.go.kr/ssis-tbu/twataa/wlfareInfo/moveTWAT52011M.do?wlfareInfoId=WLF00001113
315,08_4·19혁명공로수당.md,
316,08_6·25자녀수당.md,https://www.bokjiro.go.kr/ssis-tbu/twataa/wlfareInfo/moveTWAT52011M.do?wlfareInfoId=WLF00001064
317,08_고엽제_후유의증_수당.md,
318,08_고엽제환자_2세_수당.md,https://www.bokjiro.go.kr/ssis-tbu/twataa/wlfareInfo/moveTWAT52011M.do
319,08_교통시설_이용_지원.md,https://www.bokjiro.go.kr/ssis-tbu/twataa/wlfareInfo/moveTWAT52011M.do
320,08_국가보훈대상자_LPG차량_세금인상분_지원.md,https://www.bokjiro.go.kr/ssis-tbu/twataa/wlfareInfo/moveTWAT52011M.do?wlfareInfoId=WLF00001122
321,08_국가보훈대상자_보훈장학금_지급.md,https://www.bokjiro.go.kr/ssis-tbu/twataa/wlfareInfo/moveTWAT52011M.do?wlfareInfoId=WLF00000054
322,08_국가보훈대상자_수업료_등_면제.md,https://www.bokjiro.go.kr/ssis-tbu/twataa/wlfareInfo/moveTWAT52011M.do?wlfareInfoId=WLF00001131
323,08_국가보훈대상자_친환경차량(전기·수소차) 지원.md,
324,08_국가보훈대상자_학습보조비_지급.md,https://www.bokjiro.go.kr/ssis-tbu/twataa/wlfareInfo/moveTWAT52011M.do?wlfareInfoId=WLF00003216
325,08_국가유공자_기타의료지원.md,
326,08_국가유공자_등_간호수당.md,https://www.bokjiro.go.kr/ssis-tbu/twataa/wlfareInfo/moveTWAT52011M.do?wlfareInfoId=WLF00001059
327,08_국가유공자_등_대부_지원.md,https://www.bokjiro.go.kr/ssis-tbu/twataa/wlfareInfo/moveTWAT52011M.do?wlfareInfoId=WLF00000048
328,08_국가유공자_등_보상금.md,https://www.bokjiro.go.kr/ssis-tbu/twataa/wlfareInfo/moveTWAT52011M.do?wlfareInfoId=WLF00000043
329,08_국가유공자_등_사망일시금.md,https://www.bokjiro.go.kr/ssis-tbu/twataa/wlfareInfo/moveTWAT52011M.do?wlfareInfoId=WLF00003203
330,08_국가유공자_등_생활조정수당.md,https://www.bokjiro.go.kr/ssis-tbu/twataa/wlfareInfo/moveTWAT52011M.do?wlfareInfoId=WLF00000097
331,08_국가유공자_등_취업_지원.md,https://www.bokjiro.go.kr/ssis-tbu/twataa/wlfareInfo/moveTWAT52011M.do?wlfareInfoId=WLF00000070
332,08_국가유공자_등_취업능력개발_지원.md,https://www.bokjiro.go.kr/ssis-tbu/twataa/wlfareInfo/moveTWAT52011M.do?wlfareInfoId=WLF00003281
333,08_독립유공자_(손)자녀_생활지원금_(저소득가구_지원).md,https://www.bokjiro.go.kr/ssis-tbu/twataa/wlfareInfo/moveTWAT52011M.do
334,08_무공영예수당.md,https://www.bokjiro.go.kr/ssis-tbu/twataa/wlfareInfo/moveTWAT52011M.do
335,08_민간_노인_장기요양급여_이용지원.md,
336,08_보훈가족_심리재활서비스_지원.md,
337,08_보훈병원_진료.md,https://www.bokjiro.go.kr/ssis-tbu/twataa/wlfareInfo/moveTWAT52011M.do
338,08_생계지원금.md,https://www.bokjiro.go.kr/ssis-tbu/twataa/wlfareInfo/moveTWAT52011M.do
339,08_애국지사_특별예우금.md,https://www.bokjiro.go.kr/ssis-tbu/twataa/wlfareInfo/moveTWAT52011M.do?wlfareInfoId=WLF00000750
340,08_양로지원.md,https://www.bokjiro.go.kr/ssis-tbu/twataa/wlfareInfo/moveTWAT52011M.do
341,08_양육지원.md,
342,08_영주귀국정착금.md,https://www.bokjiro.go.kr/ssis-tbu/twataa/wlfareInfo/moveTWAT52011M.do
343,08_요양지원.md,https://www.bokjiro.go.kr/ssis-tbu/twataa/wlfareInfo/moveTWAT52011M.do?wlfareInfoId=WLF00003243
344,08_위탁병원_진료(시군별_지정_의료기관).md,https://www.bokjiro.go.kr/ssis-tbu/twataa/wlfareInfo/moveTWAT52011M.do
345,08_장기복무_제대군인_대부_지원.md,https://www.bokjiro.go.kr/ssis-tbu/twataa/wlfareInfo/moveTWAT52011M.do?wlfareInfoId=WLF000031933
346,08_장기복무_제대군인_수업료_보조.md,https://www.bokjiro.go.kr/ssis-tbu/twataa/wlfareInfo/moveTWAT52011M.do?wlfareInfoId=WLF00001073
347,08_장기복무_제대군인_취업지원.md,https://www.bokjiro.go.kr/ssis-tbu/twataa/wlfareInfo/moveTWAT52011M.do?wlfareInfoId=WLF00003208
348,08_재가복지지원.md,https://www.bokjiro.go.kr/ssis-tbu/twataa/wlfareInfo/moveTWAT52011M.do
349,08_재해보상금.md,https://www.bokjiro.go.kr/ssis-tbu/twataa/wlfareInfo/moveTWAT52011M.do
350,08_재해위로금.md,https://www.bokjiro.go.kr/ssis-tbu/twataa/wlfareInfo/moveTWAT52011M.do
351,08_제대군인_전직지원금_지원.md,https://www.bokjiro.go.kr/ssis-tbu/twataa/wlfareInfo/moveTWAT52011M.do?wlfareInfoId=WLF00000096
352,08_중장기복무_제대군인_무료법률_구조_지원.md,https://www.bokjiro.go.kr/ssis-tbu/twataa/wlfareInfo/moveTWAT52011M.do
353,08_참전명예수당.md,https://www.bokjiro.go.kr/ssis-tbu/twataa/wlfareInfo/moveTWAT52011M.do?wlfareInfoId=WLF00001066
354,08_통신요금감면.md,https://www.bokjiro.go.kr/ssis-tbu/twataa/wlfareInfo/moveTWAT52011M.do?wlfareInfoId=WLF00003257
355,09_개인회생·파산_종합지원센터.md,
356,09_근로자_생활안정자금_융자.md,https://www.bokjiro.go.kr/ssis-tbu/twatzzza/intgSearch/moveTWZZ01000M.do
357,09_대지급금_제도.md,
358,09_마을변호사.md,
359,09_마을세무사.md,
360,09_무료_법률상담.md,https://www.bokjiro.go.kr/ssis-tbu/twataa/wlfareInfo/moveTWAT52015M.do?wlfareInfoId=S9765680990
361,09_미소금융.md,
362,09_법률구조_제도.md,
363,09_법률홈닥터.md,https://www.bokjiro.go.kr/ssis-tbu/twataa/wlfareInfo/moveTWAT52015M.do?wlfareInfoId=S9765686049
364,09_법문화교육센터.md,
365,09_새희망홀씨.md,
366,09_서민금융진흥원_금융교육.md,
367,09_서민금융진흥원_맞춤대출서비스.md,
368,09_서민금융진흥원_자영업_컨설팅.md,
369,09_소상공인_지원(융자).md,https://www.bokjiro.go.kr/ssis-tbu/twataa/wlfareInfo/moveTWAT52011M.do
370,09_신용회복위원회_성실상환자_소액대출.md,
371,09_신용회복위원회_신용교육.md,
372,09_주택·상가건물_임대차분쟁조정위원회.md,
373,09_직업훈련_생계비_대부사업.md,https://www.bokjiro.go.kr/ssis-tbu/twataa/wlfareInfo/moveTWAT52011M.do?wlfareInfoId=WLF00003266
374,09_햇살론.md,
375,09_햇살론15.md,
376,09_햇살론_youth.md,https://www.bokjiro.go.kr/ssis-tbu/twataa/wlfareInfo/moveTWAT52011M.do?wlfareInfoId=WLF00001076
377,09_햇살론_뱅크.md,
378,09_햇살론_카드.md,
379,10_1인가구_사회적관계망_형성_지원사업.md,
380,10_가정폭력_피해자_지원.md,https://www.bokjiro.go.kr/ssis-tbu/twataa/wlfareInfo/moveTWAT52011M.do
381,10_가정폭력_피해자_치료회복_프로그램_및_의료비_지원.md,https://www.bokjiro.go.kr/ssis-tbu/twataa/wlfareInfo/moveTWAT52011M.do?wlfareInfoId=WLF00001105
382,10_가정폭력·성폭력·스토킹_피해자_무료_법률_지원.md,https://www.bokjiro.go.kr/ssis-tbu/twataa/wlfareInfo/moveTWAT52011M.do
383,10_가족상담_전화(1644-6621).md,
384,10_가족센터_운영.md,https://www.bokjiro.go.kr/ssis-tbu/twataa/wlfareInfo/moveTWAT52011M.do?wlfareInfoId=WLF00001186
385,10_개발제한구역_생활비용_보조.md,https://www.bokjiro.go.kr/ssis-tbu/twataa/wlfareInfo/moveTWAT52011M.do
386,10_결혼이민여성_직업교육훈련.md,
387,10_결혼이민자_통번역서비스.md,https://www.bokjiro.go.kr/ssis-tbu/twataa/wlfareInfo/moveTWAT52011M.do
388,10_긴급복지_지원제도.md,https://www.bokjiro.go.kr/ssis-tbu/twatzzza/intgSearch/moveTWZZ01000M.do
389,10_노숙인_등_복지_지원.md,https://www.bokjiro.go.kr/ssis-tbu/twataa/wlfareInfo/moveTWAT52011M.do?wlfareInfoId=WLF00001152
390,10_농번기_아이돌봄방.md,
391,10_농어가_목돈마련_저축_장려금.md,https://www.bokjiro.go.kr/ssis-tbu/twataa/wlfareInfo/moveTWAT52011M.do
392,10_농어업인_건강보험료_지원.md,
393,10_농어업인_연금보험료_지원.md,
394,10_농업인_안전보험.md,https://www.bokjiro.go.kr/ssis-tbu/twataa/wlfareInfo/moveTWAT52011M.do?wlfareInfoId=WLF00003232
395,10_농촌_공동_아이돌봄센터.md,
396,10_농촌_보육_교사_특별근무수당.md,
397,10_농촌주택개량사업.md,
398,10_다누리콜센터(1577-1366).md,
399,10_다문화_아동_보육료_지원.md,https://www.bokjiro.go.kr/ssis-tbu/twataa/wlfareInfo/moveTWAT52011M.do?wlfareInfoId=WLF00001183
400,10_다문화·탈북학생_멘토링_지원.md,https://www.bokjiro.go.kr/ssis-tbu/twataa/wlfareInfo/moveTWAT52011M.do
401,10_다문화가족_방문교육_서비스.md,https://www.bokjiro.go.kr/ssis-tbu/twataa/wlfareInfo/moveTWAT52011M.do
402,10_다문화가족_자녀_언어발달_지원.md,https://www.bokjiro.go.kr/ssis-tbu/twataa/wlfareInfo/moveTWAT52011M.do?wlfareInfoId=WLF00003282
403,10_다문화가족지원센터_이용.md,
404,10_대체인력지원사업(사업주_지원).md,
405,10_도서민_여객선_운임_지원.md,https://www.bokjiro.go.kr/ssis-tbu/twataa/wlfareInfo/moveTWAT52011M.do
406,10_독거노인_사회관계_활성화_지원.md,
407,10_맞춤형_기초생활보장_제도.md,
408,10_범죄피해자에_대한_경제적_지원_사업.md,https://www.bokjiro.go.kr/ssis-tbu/twataa/wlfareInfo/moveTWAT52011M.do
409,10_북한이탈주민_교육비_지원.md,https://www.bokjiro.go.kr/ssis-tbu/twataa/wlfareInfo/moveTWAT52011M.do?wlfareInfoId=WLF00000063
410,10_북한이탈주민_법률상담.md,
411,10_북한이탈주민_사회보장_지원.md,https://www.bokjiro.go.kr/ssis-tbu/twataa/wlfareInfo/moveTWAT52011M.do?wlfareInfoId=WLF00000782
412,10_북한이탈주민_의료비_지원.md,https://www.bokjiro.go.kr/ssis-tbu/twataa/wlfareInfo/moveTWAT52011M.do?wlfareInfoId=WLF00003206
413,10_북한이탈주민_자산형성지원(미래행복통장).md,https://www.bokjiro.go.kr/ssis-tbu/twataa/wlfareInfo/moveTWAT52011M.do?wlfareInfoId=WLF00001020
414,10_북한이탈주민_정착금_지원.md,https://www.bokjiro.go.kr/ssis-tbu/twataa/wlfareInfo/moveTWAT52011M.do?wlfareInfoId=WLF00003172
415,10_북한이탈주민_주택알선_지원.md,https://www.bokjiro.go.kr/ssis-tbu/twataa/wlfareInfo/moveTWAT52011M.do?wlfareInfoId=WLF00000815
416,10_북한이탈주민_취약계층_긴급생계비_지원.md,
417,10_북한이탈주민_취업_지원.md,https://www.bokjiro.go.kr/ssis-tbu/twataa/wlfareInfo/moveTWAT52011M.do?wlfareInfoId=WLF00003168
418,10_사회서비스원_긴급돌봄_사업.md,
419,10_사회서비스원_종합재가센터.md,
420,10_사회통합프로그램_(KIIP).md,
421,10_산업재해_보상보험_제도.md,
422,10_산재근로자_사회심리_재활_지원.md,https://www.bokjiro.go.kr/ssis-tbu/twataa/wlfareInfo/moveTWAT52011M.do?wlfareInfoId=WLF00000022
423,10_산재근로자_생활안정자금_융자.md,https://www.bokjiro.go.kr/ssis-tbu/twataa/wlfareInfo/moveTWAT52011M.do
424,10_산재근로자_직업훈련.md,https://www.bokjiro.go.kr/ssis-tbu/twataa/wlfareInfo/moveTWAT52011M.do?wlfareInfoId=WLF00001125
425,10_산재근로자_직장복귀_지원(근로자).md,https://www.bokjiro.go.kr/ssis-tbu/twataa/wlfareInfo/moveTWAT52011M.do?wlfareInfoId=WLF00001085
426,10_산재근로자_직장복귀_지원(사업주).md,https://www.bokjiro.go.kr/ssis-tbu/twataa/wlfareInfo/moveTWAT52011M.do?wlfareInfoId=WLF00001085
427,10_산재근로자_케어센터_지원.md,https://www.bokjiro.go.kr/ssis-tbu/twataa/wlfareInfo/moveTWAT52011M.do?wlfareInfoId=WLF00004648
428,10_산재근로자_합병증_등_예방관리.md,https://www.bokjiro.go.kr/ssis-tbu/twataa/wlfareInfo/moveTWAT52011M.do
429,10_산재보험_요양급여(재활보조기구).md,https://www.bokjiro.go.kr/ssis-tbu/twataa/wlfareInfo/moveTWAT52011M.do?wlfareInfoId=WLF00001092
430,10_석면피해자_지원(석면피해_구제급여).md,https://www.bokjiro.go.kr/ssis-tbu/twataa/wlfareInfo/moveTWAT52011M.do
431,10_성매매_피해자_지원.md,
432,10_성폭력_피해자_지원.md,https://www.bokjiro.go.kr/ssis-tbu/twataa/wlfareInfo/moveTWAT52011M.do?wlfareInfoId=WLF00001166
433,10_성폭력피해_아동·청소년_전용쉼터(특별지원시설)_운영_지원.md,
434,10_양육비_이행지원_종합서비스.md,https://www.bokjiro.go.kr/ssis-tbu/twataa/wlfareInfo/moveTWAT52011M.do?wlfareInfoId=WLF00003186
435,10_어선원_및_어선_재해보상_보험.md,https://www.bokjiro.go.kr/ssis-tbu/twataa/wlfareInfo/moveTWAT52011M.do
436,10_어업인_안전보험.md,
437,10_여성긴급전화_1366.md,https://www.bokjiro.go.kr/ssis-tbu/twataa/wlfareInfo/moveTWAT52011M.do
438,10_영주귀국_사할린_한인_지원.md,https://www.bokjiro.go.kr/ssis-tbu/twataa/wlfareInfo/moveTWAT52011M.do
439,10_외국인근로자_등_의료지원.md,https://www.bokjiro.go.kr/ssis-tbu/twataa/wlfareInfo/moveTWAT52011M.do
440,10_원폭피해자_지원.md,https://www.bokjiro.go.kr/ssis-tbu/twataa/wlfareInfo/moveTWAT52011M.do
441,10_의사상자_등_지원.md,https://www.bokjiro.go.kr/ssis-tbu/twataa/wlfareInfo/moveTWAT52011M.do?wlfareInfoId=WLF00003272
442,10_이동식_놀이교실.md,
443,10_일본군_'위안부'_피해자_생활안정_및_기념사업.md,https://www.bokjiro.go.kr/ssis-tbu/twataa/wlfareInfo/moveTWAT52011M.do?wlfareInfoId=WLF00001106
444,10_저임금_근로자·예술인·노무제공자_사회보험료_지원(두루누리).md,https://www.bokjiro.go.kr/ssis-tbu/twataa/wlfareInfo/moveTWAT52011M.do?wlfareInfoId=WLF00000095
445,10_주거_지원_(주택_특별공급).md,
446,10_지역사회서비스_투자사업.md,https://www.bokjiro.go.kr/ssis-tbu/twataa/wlfareInfo/moveTWAT52011M.do?wlfareInfoId=WLF00001061
447,10_진폐근로자_보호.md,https://www.bokjiro.go.kr/ssis-tbu/twataa/wlfareInfo/moveTWAT52011M.do
448,10_청소년한부모_등_자립지원패키지.md,https://www.bokjiro.go.kr/ssis-tbu/twataa/wlfareInfo/moveTWAT52011M.do
449,10_청소년한부모_자립_지원.md,https://www.bokjiro.go.kr/ssis-tbu/twatzzza/intgSearch/moveTWZZ01000M.do
450,10_출소자_등_자립_지원.md,
451,10_취약농가_인력_지원(영농도우미).md,https://www.bokjiro.go.kr/ssis-tbu/twataa/wlfareInfo/moveTWAT52011M.do
452,10_취약농가_인력_지원(행복나눔이).md,https://www.bokjiro.go.kr/ssis-tbu/twataa/wlfareInfo/moveTWAT52011M.do
453,10_취약어가_인력_지원(어업활동_지원).md,
454,10_취약어가_인력_지원(어촌생활돌봄지원).md,https://www.bokjiro.go.kr/ssis-tbu/twataa/wlfareInfo/moveTWAT52011M.do?wlfareInfoId=WLF00003233
455,10_탈북학생_교육_지원(멘토링_지원_등).md,https://www.bokjiro.go.kr/ssis-tbu/twataa/wlfareInfo/moveTWAT52011M.do?wlfareInfoId=WLF00003188
456,10_탈북학생_교육_지원(학력인정_등).md,
457,10_폭력_피해여성_주거_지원.md,https://www.bokjiro.go.kr/ssis-tbu/twataa/wlfareInfo/moveTWAT52011M.do?wlfareInfoId=WLF00001101
458,10_풍수해보험.md,https://www.bokjiro.go.kr/ssis-tbu/twataa/wlfareInfo/moveTWAT52011M.do?wlfareInfoId=WLF00000053
459,10_한부모가족_복지시설_지원.md,https://www.bokjiro.go.kr/ssis-tbu/twataa/wlfareInfo/moveTWAT52011M.do?wlfareInfoId=WLF00000091
460,10_한부모가족_아동_양육비_지원.md,https://www.bokjiro.go.kr/ssis-tbu/twataa/wlfareInfo/moveTWAT52011M.do?wlfareInfoId=WLF00001068
461,10_한부모가족_자녀_교육비_지원.md,https://www.bokjiro.go.kr/ssis-tbu/twataa/wlfareInfo/moveTWAT52011M.do?wlfareInfoId=WLF00001104
462,10_한부모가족_주거_지원(주택분양·임대).md,
463,10_한센인_피해자_지원.md,https://www.bokjiro.go.kr/ssis-tbu/twataa/wlfareInfo/moveTWAT52011M.do?wlfareInfoId=WLF00003215
464,10_해바라기센터(성폭력_피해자_통합지원센터)_운영.md,
